id,name,alias
2627,Princeton University,
2155,Harvard University,
2178,Massachusetts Institute of Technology,MIT
1426,Yale University,
1305,Stanford University,
1774,University of Chicago,UChicago
3378,University of Pennsylvania,UPenn
1131,California Institute of Technology,CalTech Cal Tech
2920,Duke University,
2077,Johns Hopkins University,JHU
1739,Northwestern University,
2573,Dartmouth College,
3401,Brown University,
3535,Vanderbilt University,
2520,Washington University in St. Louis,WashU Washington University in St Louis Washington University in Saint Louis
2711,Cornell University,
3604,Rice University,
1840,University of Notre Dame,Notre Dame
1315,University of California--Los Angeles,UCLA University of California Los Angeles
1564,Emory University,
1312,University of California--Berkeley,UC Berkeley Cal Berkeley University of California Berkeley
1445,Georgetown University,
9092,University of Michigan--Ann Arbor,UM University of Michigan Ann Arbor
3242,Carnegie Mellon University,CMU
6968,University of Virginia,UVA
1328,University of Southern California,USC Southern Cal
2785,New York University,NYU
2219,Tufts University,
1320,University of California--Santa Barbara,UCSB UC Santa Barbara University of California Santa Barbara
1535,University of Florida,
2974,University of North Carolina at Chapel Hill,UNC University of North Carolina Chapel Hill
2978,Wake Forest University,
1317,University of California--San Diego,UCSD University of California San Diego
2894,University of Rochester,
2128,Boston College,BC
1314,University of California--Irvine,UC Irvine UCI University of California Irvine
1569,Georgia Institute of Technology,Georgia Tech
1313,University of California--Davis,UC Davis University of California Davis
3658,University of Texas at Austin,UT Austin University of Texas Austin
3705,William & Mary,William & Mary
2130,Boston University,BU
2133,Brandeis University,
3024,Case Western Reserve University,
2029,Tulane University,
3895,University of Wisconsin--Madison,University of Wisconsin Madison
1775,University of Illinois--Urbana-Champaign,University of Illinois Urbana Champaign
1598,University of Georgia,UGA
3289,Lehigh University,
2199,Northeastern University,
6883,The Ohio State University,OSU  Ohio State University Columbus
1264,Pepperdine University,
1825,Purdue University,Purdue University West Lafayette Purdue University West Lafayette
3388,Villanova University,
1489,Florida State University,FSU
2803,Rensselaer Polytechnic Institute,RPI
1326,Santa Clara University,
1536,University of Miami,
2882,Syracuse University,
2103,University of Maryland,UMD UMCP University of Maryland College Park
3379,University of Pittsburgh,Pitt
3798,University of Washington,
1444,George Washington University,GW GWU
6965,The Pennsylvania State University,Penn State Pennsylvania State University University Park
6964,Rutgers University--New Brunswick,"Rutgers University Rutgers, the State University of New Jersey New Brunswick"
29013,University of Connecticut,UConn
2233,Worcester Polytechnic Institute,WPI
2722,Fordham University,
1809,Indiana University--Bloomington,IU Bloomington Indiana University Bloomington
3613,Southern Methodist University,SMU
10366,Texas A&M University,Texas A & M University--College Station Texas A and M University--College Station Texas A&M University College Station
2221,University of Massachusetts--Amherst,UMass Amherst University of Massachusetts Amherst
3969,"University of Minnesota, Twin Cities",University of Minnesota Twin Cities
2903,Yeshiva University,
6967,Baylor University,
3425,Clemson University,
11649,Loyola Marymount University,LMU
3754,Virginia Tech,
1434,American University,
3670,Brigham Young University--Provo,BYU Provo Brigham Young University Provo
3778,Gonzaga University,
2972,North Carolina State University,NC State North Carolina State University Raleigh
2836,Binghamton University--SUNY,Binghamton University SUNY Binghamton Binghamton University SUNY
1348,Colorado School of Mines,
2927,Elon University,
1448,Howard University,HU
3863,Marquette University,
2290,Michigan State University,MSU
2639,Stevens Institute of Technology,
3636,Texas Christian University,TCU
1316,University of California--Riverside,UC Riverside University of California Riverside
1892,University of Iowa,
2838,Stony Brook University--SUNY,Stony Brook SUNY Stony Brook Stony Brook University SUNY
9554,University at Buffalo--SUNY,SUNY Buffalo University at Buffalo SUNY
4127,University of California--Merced,
1431,University of Delaware,
1371,University of Denver,DU
10395,University of San Diego,
1009,Auburn University,AU
1370,University of Colorado Boulder,CU Boulder University of Colorado Boulder
3223,University of Oregon,
3675,University of Utah,
2139,Clark University,
2542,Creighton University,
3256,Drexel University,
1710,Loyola University Chicago,
7104,Miami University--Oxford,Miami University Oxford Miami University Oxford
2621,New Jersey Institute of Technology,NJIT
2506,Saint Louis University,St Louis University Saint Louis University
3371,Temple University,
1083,University of Arizona,
1321,University of California--Santa Cruz,UC Santa Cruz University of California Santa Cruz
1776,University of Illinois--Chicago,UIC University of Illinois Chicago
1325,University of San Francisco,USF
1537,University of South Florida,
3530,"University of Tennessee, Knoxville",
1081,Arizona State University,ASU
2806,Rochester Institute of Technology,RIT
2851,SUNY College of Environmental Science and Forestry,SUNY ESF
3448,University of South Carolina,USC
3696,University of Vermont,UVM
1164,Chapman University,
1691,Illinois Institute of Technology,Illinois Tech IIT
1869,Iowa State University of Science and Technology,
1948,University of Kansas,KU
2516,University of Missouri,Mizzou
2699,Clarkson University,
1671,DePaul University,
1443,Gallaudet University,
2631,Rutgers University--Newark,"Rutgers University Rutgers, the State University of New Jersey Newark"
3790,Seattle University,SU
2632,Seton Hall University,
3127,University of Dayton,
1989,University of Kentucky,
3184,University of Oklahoma,
1437,The Catholic University of America,CUA
1860,Drake University,
20662,The New School,
1036,Samford University,
2208,Simmons University,
1216,University of La Verne,
2565,University of Nebraska -- Lincoln,University of Nebraska Lincoln
2589,University of New Hampshire,UNH
2345,University of St. Thomas (MN),University of St Thomas University of Saint Thomas
9741,University of Texas at Dallas,University of Texas Dallas
1329,University of the Pacific,
3185,University of Tulsa,
1350,Colorado State University,
2688,CUNY--City College,CUNY City College CUNY City College
3258,Duquesne University,
3749,George Mason University,GMU
2292,Michigan Technological University,
1402,Quinnipiac University,
4741,Rutgers University--Camden,"Rutgers University Rutgers, the State University of New Jersey Camden"
1151,San Diego State University,SDSU
12393,Thomas Jefferson University,
1051,University of Alabama,
1052,University of Alabama at Birmingham,UAB University of Alabama Birmingham
3954,University of Central Florida,UCF
3125,University of Cincinnati,
2440,University of Mississippi,Ole Miss
3479,Belmont University,
9635,Florida International University,FIU
2732,Hofstra University,
1928,Kansas State University,
1580,Mercer University,
3210,Oregon State University,
1108,University of Arkansas,
1610,University of Hawaii at Manoa,UH Manoa University of Hawaii Manoa
2105,University of Maryland--Baltimore County,UMBC University of Maryland Baltimore County
3414,University of Rhode Island,URI
2666,Adelphi University,
3244,Chatham University,
2010,Louisiana State University--Baton Rouge,LSU Baton Rouge Louisiana State University Baton Rouge Louisiana State University Baton Rouge
2823,St. John's University (NY),St John's University Saint John's University St Johns University Saint Johns University St. Johns University
2835,University at Albany--SUNY,SUNY Albany University at Albany SUNY
1842,Valparaiso University,Valpo
3735,Virginia Commonwealth University,VCU
2517,Missouri University of Science and Technology,Missouri University of Science and Technology
2617,Montclair State University,
3100,Ohio University,OU
2609,Rowan University,
3652,University of Houston,
1626,University of Idaho,
2161,University of Massachusetts--Lowell,UMass University of Massachusetts Lowell
3800,Washington State University,
3170,Oklahoma State University,OSU
3212,Pacific University,
3359,Robert Morris University,
2821,St. John Fisher College,St John Fisher College Saint John Fisher College
3528,Union University,
2323,University of Detroit Mercy,
1999,University of Louisville,
2984,University of North Carolina--Wilmington,UNC University of North Carolina Wilmington
1409,University of Saint Joseph,St Joseph College Saint Joseph College
1122,Biola University,
1813,Indiana University-Purdue University--Indianapolis,IUPUI Indiana University-Purdue University Indianapolis Indiana University Purdue University Indianapolis
2423,Mississippi State University,
2099,Towson University,
10313,University of New Mexico,
3932,University of Wyoming,
1786,Ball State University,
1954,Bellarmine University,
9058,Bethel University (MN),
1480,Florida A&M University,Florida A & M Florida A and M FAM
1469,Florida Institute of Technology,Florida Tech
3714,Hampton University,HU
1692,Illinois State University,
2016,Loyola University New Orleans,
2482,Maryville University of St. Louis,Maryville University of St Louis Maryville University of Saint Louis
3247,Misericordia University,
1403,Sacred Heart University,
1147,California State University--Fresno,Cal State University Fresno California State University Fresno
2923,East Carolina University,ECU
3194,George Fox University,
3051,Kent State University,
3486,Lipscomb University,
1509,Nova Southeastern University,
2791,Pace University,
3644,Texas Tech University,
10142,Touro University,
1422,University of Hartford,
2053,University of Maine,UMaine
2226,Western New England University,
3313,Widener University,
3394,Wilkes University,
3266,Gannon University,
3276,Immaculata University,
2657,New Mexico State University,NMSU
1363,Regis University,
2810,Russell Sage College,
3788,Seattle Pacific University,
2342,St. Catherine University,St Catherine University Saint Catherine University
6740,University of Colorado Denver,UC Denver University of Colorado Denver
2222,University of Massachusetts--Boston,UMass University of Massachusetts Boston
2210,University of Massachusetts--Dartmouth,UMass University of Massachusetts Dartmouth
2568,"University of Nevada, Reno",University of Nevada Reno
2975,University of North Carolina--Charlotte,UNC University of North Carolina Charlotte
2243,Central Michigan University,
1852,Clarke University,
2343,The College of St. Scholastica,College of St Scholastica College of Saint Scholastica
3848,Edgewood College,
1574,Georgia State University,
3166,Oklahoma City University,
1804,University of Indianapolis,
2519,University of Missouri--St. Louis,University of Missouri St. Louis
2976,University of North Carolina at Greensboro,UNC University of North Carolina Greensboro
10300,University of South Dakota,
3018,Bowling Green State University,BGSU
10311,Harding University,
2160,Lesley University,
3502,Lincoln Memorial University,
3606,Sam Houston State University,
3509,University of Memphis,
2518,University of Missouri--Kansas City,UMKC University of Missouri Kansas City
2569,"University of Nevada, Las Vegas",UNLV University of Nevada Las Vegas
2050,University of New England,UNE
3005,University of North Dakota,
1664,University of St. Francis,University of St Francis University of Saint Francis
3677,Utah State University,
2329,Wayne State University,
3827,West Virginia University,WVU
1117,Azusa Pacific University,
1903,Baker University,
1428,Delaware State University,
3938,Inter American University of Puerto Rico--San German,Inter American University of Puerto Rico San German Inter American University of Puerto Rico San German
2532,Montana State University,MSU
3728,Old Dominion University,ODU
3737,Shenandoah University,
1758,Southern Illinois University--Carbondale,Southern Illinois University Carbondale Southern Illinois University Carbondale
1055,University of Alabama at Huntsville,University of Alabama Huntsville
3045,University of Findlay,
2554,University of Nebraska Omaha,University of Nebraska Omaha
9841,University of North Florida,
3578,University of the Incarnate Word,
2330,Western Michigan University,
2913,Campbell University,
3842,Concordia University Wisconsin,
1481,Florida Atlantic University,
2929,Gardner-Webb University,Gardner Webb Gardner Webb University
2008,Louisiana Tech University,
2905,North Carolina Agricultural and Technical State University,North Carolina A & T State University North Carolina A and T State University
9265,North Dakota State University,
30913,Regent University,
3523,Tennessee Tech University,
2536,University of Montana,UMT
3594,University of North Texas,
3560,Dallas Baptist University,
3487,East Tennessee State University,ETSU
667002,Long Island University,
3815,Marshall University,
3510,Middle Tennessee State University,
1082,Northern Arizona University,NAU
3216,Portland State University,PSU
3471,South Dakota State University,
29020,University of Hawaii at Hilo,UH Hilo University of Hawaii Hilo
7108,University of Puerto Rico--Rio Piedras,University of Puerto Rico Rio Piedras
3656,University of Texas at Arlington,UT Arlington University of Texas Arlington
2229,Williams College,
2115,Amherst College,
3370,Swarthmore College,
1173,Pomona College,
2224,Wellesley College,
2038,Bowdoin College,
2101,United States Naval Academy,USNA
1170,Claremont McKenna College,
2340,Carleton College,
3691,Middlebury College,
2893,United States Military Academy,USMA West Point
3768,Washington and Lee University,W&L
2918,Davidson College,
1868,Grinnell College,
2728,Hamilton College,
3274,Haverford College,
2708,Barnard College,
2039,Colby College,
2701,Colgate University,
2209,Smith College,
1424,Wesleyan University,
1369,United States Air Force Academy,USAFA
3744,University of Richmond,
2895,Vassar College,
2036,Bates College,
1347,Colorado College,
2358,Macalester College,
1171,Harvey Mudd College,
38144,Soka University of America,
1955,Berea College,
3237,Bryn Mawr College,
3065,Kenyon College,
2192,Mount Holyoke College,
1174,Scripps College,
2141,College of the Holy Cross,
1172,Pitzer College,
3086,Oberlin College and Conservatory,
3238,Bucknell University,
3284,Lafayette College,
2814,Skidmore College,
3042,Denison University,
3265,Franklin & Marshall College,F&M Franklin & Marshall
1249,Occidental College,
10448,Thomas Aquinas College,
1792,DePauw University,
3434,Furman University,
2272,Hillsdale College,
1414,Trinity College,
1379,Connecticut College,
3253,Dickinson College,
2889,Union College (NY),
3534,The University of the South,Sewanee University of the South Sewanee University of the South
3268,Gettysburg College,
3519,Rhodes College,
1594,Spelman College,
2829,St. Lawrence University,St Lawrence University Saint Lawrence University
1844,Wabash College,
1961,Centre College,
1744,Principia College,
1781,Wheaton College (IL),
2671,Bard College,
3856,Lawrence University,
3217,Reed College,
2382,St. Olaf College,St Olaf College Saint Olaf College
1542,Agnes Scott College,
3304,Muhlenberg College,
2092,St. John's College (MD),St John's College Saint John's College St Johns College Saint Johns College St. Johns College
3753,Virginia Military Institute,
3457,Wofford College,
3037,College of Wooster,
2275,Kalamazoo College,
2813,Sarah Lawrence College,
3227,Willamette University,
3835,Beloit College,
2731,Hobart and William Smith Colleges,HWS
3279,Juniata College,
2093,St. John's College (NM),St John's College Saint John's College St Johns College Saint Johns College St. Johns College
3682,Bennington College,
2353,Gustavus Adolphus College,
1704,Knox College,
1706,Lake Forest College,
3197,Lewis & Clark College,Lewis and Clark College
153704,New College of Florida,
3230,Allegheny College,
3797,University of Puget Sound,
3385,Ursinus College,
2227,Wheaton College (MA),
1856,Cornell College,
1696,Illinois Wesleyan University,
2095,St. Mary's College of Maryland,St Mary's College of Maryland Saint Mary's College of Maryland St Marys College of Maryland Saint Marys College of Maryland St. Marys College of Maryland
1633,Augustana College,
2341,College of St. Benedict,College of St Benedict College of Saint Benedict
11385,College of the Atlantic,
1793,Earlham College,
1987,Transylvania University,
3389,Washington and Jefferson College,
3713,Hampden-Sydney College,Hampden Sydney College
1801,Hanover College,
1099,Hendrix College,
3109,Ohio Wesleyan University,OWU
3620,Southwestern University,
2217,Stonehill College,
2108,Washington College,
3269,Grove City College,
3715,Hollins University,
1874,Luther College,
2587,Saint Anselm College,St Anselm College Saint Anselm College
1836,Saint Mary's College,St Mary's College Saint Mary's College St Marys College Saint Marys College St. Marys College
2379,St. John's University (MN),St John's University Saint John's University St Johns University Saint Johns University St. Johns University
3543,Austin College,
2273,Hope College,
3733,Randolph-Macon College,R-MC Randolph Macon College Randolph Macon
2414,Millsaps College,
1341,Westmont College,
1342,Whittier College,
2603,Drew University,
3262,Elizabethtown College,
2073,Goucher College,
3198,Linfield University,
3892,St. Norbert College,St Norbert College Saint Norbert College
3369,Susquehanna University,
3392,Westminster College (PA),
2734,Houghton College,
3293,Lycoming College,
1725,Monmouth College,
3694,Saint Michael's College,St Michael's College Saint Michael's College St Michaels College Saint Michaels College St. Michaels College
2235,Albion College,
1012,Birmingham-Southern College,Birmingham Southern College
1487,Eckerd College,
2187,Massachusetts College of Liberal Arts,
1582,Morehouse College,
3445,Presbyterian College,
3884,Ripon College,
3736,Roanoke College,
1850,Central College,
1854,Coe College,
1617,College of Idaho,
2945,Meredith College,
2960,Salem College,
2346,Concordia College at Moorhead,Concordia College Moorhead Concordia College Moorhead
4661,Hampshire College,
3301,Moravian University,
3734,Randolph College,
2389,University of Minnesota Morris,University of Minnesota Morris
3484,Covenant College,
3490,Fisk University,
1798,Franklin College,
2729,Hartwick College,
1688,Illinois College,
3368,Saint Vincent College,St Vincent College Saint Vincent College
1887,Simpson College,
2907,University of North Carolina at Asheville,UNC University of North Carolina Asheville
2901,Wells College,
6791,Purchase College--SUNY,Purchase College SUNY Purchase College SUNY
3143,Wittenberg University,
1600,Wesleyan College,
2239,Aquinas College,
3709,Emory and Henry College,
2153,Gordon College,
9652,University of Puerto Rico--Ponce,University of Puerto Rico Ponce
3747,University of Virginia--Wise,University of Virginia Wise
2523,Westminster College (MO),
2003,Centenary College,
1586,Oglethorpe University,
3742,Sweet Briar College,
1896,Wartburg College,
1788,Butler University,
2526,Carroll College,
2500,College of the Ozarks,
2933,High Point University,
3406,Providence College,
1515,Rollins College,
1838,Taylor University,
3647,Trinity University,
1415,United States Coast Guard Academy,
2124,Bentley University,
1641,Bradley University,
1143,California Polytechnic State University--San Luis Obispo,Cal Poly California Polytechnic State University San Luis Obispo
3423,"The Citadel, The Military College of South Carolina",
2710,Cooper Union for the Advancement of Science and Art,
666090,Embry-Riddle Aeronautical University--Prescott,Embry-Riddle Aeronautical University Prescott
3050,John Carroll University,JCU
1102,Ouachita Baptist University,
1134,California State University--Maritime Academy,
1385,Fairfield University,
506094,Florida Polytechnic University,
3721,James Madison University,JMU
3089,Ohio Northern University,ONU
2892,United States Merchant Marine Academy,USMMA
3224,University of Portland,UP
1281,William Jessup University,
1554,Berry College,
2241,Calvin University,
666970,Cottey College,
7893,Flagler College,
2078,Loyola University Maryland,
2044,Maine Maritime Academy,
3804,Whitworth University,
1859,Dordt University,
3505,Maryville College,
2181,Massachusetts Maritime Academy,
1302,Saint Mary's College of California,St Mary's College of California Saint Mary's College of California St Marys College of California Saint Marys College of California St. Marys College of California
1531,Stetson University,
3641,Texas Lutheran University,
3384,University of Scranton,
1094,University of the Ozarks,
3144,Xavier University,
2906,Appalachian State University,
3706,Christopher Newport University,CNU
2642,The College of New Jersey,
3073,Marietta College,
1883,Northwestern College,
3164,Oklahoma Baptist University,
2854,SUNY College of Technology at Alfred,SUNY Alfred SUNY College of Technology Alfred
2495,Truman State University,
3651,University of Dallas,
2040,University of Maine at Farmington,UMaine--Farmington University of Maine Farmington
1322,University of Redlands,
3402,Bryant University,
3424,Claflin University,
3985,Oral Roberts University,
1795,University of Evansville,
1133,California Lutheran University,CLU
2914,Catawba College,
2572,Colby-Sawyer College,Colby Sawyer College
2146,Emerson College,
1488,Florida Southern College,
1799,Goshen College,
3868,Milwaukee School of Engineering,MSOE
3367,Saint Joseph's University,St Joseph's University Saint Joseph's University St Josephs University Saint Josephs University St. Josephs University
3610,Schreiner University,
30018,Welch College,
2524,William Jewell College,
3014,Baldwin Wallace University,Baldwin Wallace College
3428,College of Charleston,
2718,Elmira College,
2590,Keene State College,
3395,Pennsylvania College of Technology,Penn College
3621,St. Edward's University,St Edward's University Saint Edward's University St Edwards University Saint Edwards University St. Edwards University
3225,Warner Pacific University,
3458,Augustana University,
1750,Dominican University,
1479,Embry-Riddle Aeronautical University -- Daytona Beach,Embry Riddle Aeronautical University
2739,Ithaca College,
1100,John Brown University,
1578,LaGrange College,
2765,Marist College,
3511,Milligan University,
1238,Mills College,
3211,Oregon Tech,OIT
3623,St. Mary's University of San Antonio,St Mary's University of San Antonio Saint Mary's University of San Antonio St Marys University of San Antonio Saint Marys University of San Antonio St. Marys University of San Antonio
3083,University of Mount Union,
2236,Alma College,
3432,Erskine College,
3591,McMurry University,
3440,Newberry College,
1139,California State University--Long Beach,Cal State University Long Beach California State University Long Beach
1339,Corban University,
2461,Drury University,
2354,Hamline University,
2262,Kettering University,
1724,Millikin University,
3110,Otterbein University,
1262,Point Loma Nazarene University,
2855,SUNY College of Technology at Canton,SUNY Canton SUNY College of Technology Canton
11678,SUNY Polytechnic Institute,SUNY Institute of Technology--Utica/Rome SUNY Institute of Technology Utica Rome
7113,Arizona Christian University,
1952,Asbury University,
2685,Cazenovia College,
1019,Huntingdon College,
2748,Le Moyne College,LeMoyne College
1873,Loras College,
2758,Manhattan College,
2816,Siena College,
2857,SUNY College of Technology--Delhi,SUNY Delhi SUNY College of Technology Delhi
1538,University of Tampa,
2908,Barton College,
1606,Brigham Young University--Hawaii,BYU Hawaii Brigham Young University Hawaii
1144,California State Polytechnic University--Pomona,Cal Poly  California State Polytechnic University Pomona
3839,Carthage College,
3785,Pacific Lutheran University,
3564,East Texas Baptist University,
2858,Farmingdale State College--SUNY,Farmingdale State College SUNY Farmingdale Farmingdale State College SUNY
3049,Hiram College,
2957,Queens University of Charlotte,
2820,St. Francis College,St Francis College Saint Francis College
1029,University of Mobile,
6951,University of South Carolina Upstate,University of South Carolina Upstate
2032,Xavier University of Louisiana,
3537,Abilene Christian University,ACU
10256,Benedictine College,
1625,Brigham Young University--Idaho,BYU Idaho Brigham Young University Idaho
4766,CUNY--Baruch College,CUNY Baruch College CUNY Baruch College
2845,SUNY--Geneseo,SUNY Geneseo SUNY Geneseo
2521,Webster University,
3802,Western Washington University,
2398,Blue Mountain College,
3025,Cedarville University,
1676,Elmhurst University,
2548,Hastings College,
12630,Life Pacific University,
12031,San Diego Christian College,
2856,SUNY Cobleskill,SUNY Cobleskill SUNY College of Agriculture and Technology Cobleskill
1050,Tuskegee University,
3449,University of South Carolina Aiken,University of South Carolina Aiken
3456,Winthrop University,
2234,Adrian College,
2689,CUNY--Hunter College,CUNY Hunter College CUNY Hunter College
2616,Monmouth University,
2817,St. Bonaventure University,St Bonaventure University Saint Bonaventure University
3376,Thiel College,
3380,University of Pittsburgh at Bradford,
3681,Westminster College (UT),
2910,Belmont Abbey College,
1137,California State University--Fullerton,Cal State University Fullerton California State University Fullerton
3036,Franciscan University of Steubenville,
1822,Indiana Wesleyan University,
666990,John Paul the Great Catholic University,
1707,Lewis University,
3719,Longwood University,
1734,North Central College,
3525,Tennessee Wesleyan University,
1771,Trinity Christian College,
3746,University of Mary Washington,
1890,University of Northern Iowa,
21366,Wisconsin Lutheran College,
666973,The College of Westchester,
3575,Howard Payne University,
2654,New Mexico Tech,New Mexico Tech NMT
3654,University of St. Thomas (TX),University of St Thomas University of Saint Thomas
2665,Vaughn College of Aeronautics and Technology,
3702,Averett University,
2912,Brevard College,
2681,Canisius College,
666987,Florida National University--Main Campus,
1602,Georgia College & State University,
1969,Kentucky Wesleyan College,
1621,Lewis-Clark State College,Lewis Clark State College
2788,Niagara University,
3720,University of Lynchburg,
2981,Western Carolina University,
3461,Dakota Wesleyan University,
2795,Paul Smith's College,Paul Smiths College
1155,San Jos√© State University,
6858,Unity College,
2537,University of Montana Western,University of Montana Western
1140,California State University--Los Angeles,Cal State University Los Angeles California State University Los Angeles Cal State LA CSULA
1196,Dominican University of California,
2148,Endicott College,
3048,Heidelberg University,
7263,"Holy Cross College at Notre Dame, Indiana",
3298,Messiah University,
3411,Salve Regina University,
3366,St. Francis University,St Francis University Saint Francis University
2527,University of Providence,
2334,Augsburg University,
3482,Christian Brothers University,
2555,Nebraska Wesleyan University,
3174,Oklahoma Panhandle State University,
2499,Rockhurst University,
32603,California State University--Monterey Bay,Cal State University Monterey Bay California State University Monterey Bay
1605,Chaminade University of Honolulu,
1678,Eureka College,
2930,Greensboro College,
23172,Maranatha Baptist University,
1977,Murray State University,
1258,Pacific Union College,
3168,Rogers State University,
1596,Toccoa Falls College,
4069,University of Minnesota Crookston,University of Minnesota Crookston
3306,University of Valley Forge,
3683,Castleton University,
1004,University of Montevallo,
3698,Vermont Technical College,
3811,Davis and Elkins College,Davis & Elkins
2268,Grand Valley State University,
3500,Lee University,
1821,Marian University (IN),
2775,Molloy College,
1243,Mount Saint Mary's University,Mount St Mary's College Mount St Marys College Mount Saint Mary's College Mount Saint Marys College Mount St. Marys College
2628,Rider University,
4917,Roger Williams University,
2211,Springfield College,
1889,St. Ambrose University,St Ambrose University Saint Ambrose University
1016,University of North Alabama,
1177,University of Silicon Valley,
600788,University of Washington Bothell,
2144,Dean College,
3280,Keystone College,
2939,Lees-McRae College,Lees McRae College
1824,Oakland City University,
666994,Snow College,
3382,University of Pittsburgh--Johnstown,
1846,Briar Cliff University,
1212,Humphreys University,
2944,Mars Hill University,
1745,Quincy University,
3732,Radford University,
1526,Saint Leo University,St Leo University Saint Leo University
1154,San Francisco State University,SFSU
21078,University of Hawaii--West Oahu,UH West Oahu University of Hawaii West Oahu
1149,California Polytechnic State University -- Humboldt,
1157,California State University--Stanislaus,Cal State University Stanislaus California State University Stanislaus
3584,LeTourneau University,
9333,University of Illinois--Springfield,UIS University of Illinois Springfield
610134,University of Washington Tacoma,
2953,William Peace University,
1951,Alice Lloyd College,
1905,Bethel College,
3016,Bluffton University,
666997,Bob Jones University,
1958,Brescia University,
3838,Carroll University,
3492,Freed-Hardeman University,Freed Hardeman University
1803,Huntington University,
1495,Jacksonville University,
2109,McDaniel College,
3172,Oklahoma State University Institute of Technology--Okmulgee,OSU Oklahoma State University Institute of Technology Okmulgee
2846,SUNY--New Paltz,SUNY New Paltz SUNY New Paltz
2563,Union College (NE),
2033,University of Maine--Presque Isle,UMaine--Presque Isle University of Maine Presque Isle
2326,University of Michigan--Dearborn,UM University of Michigan Dearborn
3531,University of Tennessee at Martin,University of Tennessee Martin
29099,Wentworth Institute of Technology,
183789,Berkeley College (NJ),
3619,Southwestern Adventist University,
4759,CUNY--York College,CUNY York College CUNY York College
2926,Elizabeth City State University,
3180,Southwestern Christian University,
1086,University of Arkansas--Pine Bluff,University of Arkansas Pine Bluff
2041,University of Maine--Fort Kent,UMaine--Fort Kent University of Maine Fort Kent
2118,Assumption University,
1125,California Baptist University,CBU
2460,Culver-Stockton College,Culver Stockton College
3577,Huston-Tillotson University,Huston Tillotson University
2120,Merrimack College,
2779,Nazareth College,
4804,New York Institute of Technology,NYIT
20839,Northern New Mexico College,
9344,Ramapo College of New Jersey,
2380,Saint Mary's University of Minnesota,St Mary's University of Minnesota Saint Mary's University of Minnesota St Marys University of Minnesota Saint Marys University of Minnesota St. Marys University of Minnesota
3362,Seton Hill University,
9345,Stockton University,
2218,Suffolk University,
2551,University of Nebraska at Kearney,University of Nebraska Kearney
2899,Wagner College,
33733,Beacon College,
2696,CUNY--New York City College of Technology,CUNY New York City College of Technology CUNY New York City College of Technology
3708,Eastern Mennonite University,
1867,Grand View University,
1968,Kentucky State University,
1820,Manchester University,
1933,McPherson College,
2531,Montana Technological University,
3302,Mount Aloysius College,
3794,Saint Martin's University,St Martin's University Saint Martin's University St Martins University Saint Martins University St. Martins University
2990,University of Jamestown,
1585,University of North Georgia,
3504,University of Tennessee Southern,
3946,University of the Virgin Islands,
3955,University of West Florida,
3142,Wilmington College,
3084,Muskingum University,
3669,Wiley College,
1142,California State University--San Bernardino,Cal State University San Bernardino California State University San Bernardino
3023,Capital University,
2541,Concordia University (NE),
121561,Five Towns College,
2279,Lawrence Technological University,Lawrence Tech
1156,Sonoma State University,
3919,University of Wisconsin--La Crosse,University of Wisconsin La Crosse
3429,Columbia International University,
3724,Marymount University,
1146,California State University--Chico,Cal State University Chico California State University Chico
1153,California State University--Northridge,Cal State University Northridge CSUN California State University Northridge
3435,Lander University,
1556,Brenau University,
2453,Central Methodist University -- College of Liberal Arts and Sciences,
3430,Columbia College (SC),
3431,Converse College,
1563,Emmanuel College (GA),
2941,Lenoir-Rhyne University,Lenoir Rhyne University
39803,California State University--Channel Islands,California State University Channel Islands
30113,California State University--San Marcos,Cal State University San Marcos California State University San Marcos
1253,Fresno Pacific University,
3571,Hardin-Simmons University,Hardin Simmons University
1929,Kansas Wesleyan University,
1735,North Park University,
1033,Oakwood University,
1835,Saint Mary-of-the-Woods College,St Mary-of-the-Woods College Saint Mary-of-the-Woods College St Mary of the Woods College Saint Mary of the Woods College St. Mary of the Woods College St. Mary of the Woods College
3588,University of Mary Hardin-Baylor,University of Mary Hardin Baylor
2388,University of Minnesota Duluth,University of Minnesota Duluth
3917,University of Wisconsin--Eau Claire,University of Wisconsin Eau Claire
2394,Winona State University,
2567,York College,
1103,Philander Smith College,
3813,Glenville State University,
3287,La Salle University,LaSalle University
1945,Sterling College (KS),
2668,Alfred University,
3418,Anderson University,
3235,Arcadia University,
3478,Austin Peay State University,
2693,CUNY--John Jay College of Criminal Justice,CUNY John Jay College of Criminal Justice CUNY John Jay College of Criminal Justice
8770,Fairleigh Dickinson University,FDU
3296,Marywood University,
7728,Middle Georgia State University,
2422,Mississippi University for Women,
2086,Mount St. Mary's University,Mount St Mary's University Mount Saint Mary's University Mount St Marys University Mount Saint Marys University Mount St. Marys University
2951,North Carolina Wesleyan College,
1047,Troy University,
1597,Truett McConnell University,
3008,Valley City State University,
2293,Lake Superior State University,
2308,Olivet College,
21854,St. Augustine College,St Augustine College Saint Augustine College
1785,Anderson University (IN),
1787,Bethel University (IN),
1150,California State University--Sacramento,Cal State University Sacramento Sac State California State University Sacramento Sacramento State
3771,Central Washington University,
3165,Oklahoma Christian University,
2371,University of Northwestern--St. Paul,
1293,Vanguard University of Southern California,
3943,University of Puerto Rico--Humacao,University of Puerto Rico Humacao
3809,Bluefield State College,
3451,Coastal Carolina University,
2989,Dickinson State University,
1976,Morehead State University,
2950,North Carolina Central University,NCCU
1110,University of Arkansas at Fort Smith,University of Arkansas Fort Smith
3455,Voorhees University,
2986,Winston-Salem State University,Winston Salem State University
1847,Buena Vista University,
2369,North Central University,
3926,University of Wisconsin--Whitewater,University of Wisconsin Whitewater
2690,CUNY--Queens College,CUNY Queens College CUNY Queens College
3041,Defiance College,
8155,The Evergreen State College,
2076,Hood College,
3297,Mercyhurst University,
1937,Ottawa University,
2848,SUNY--Oswego,SUNY Oswego SUNY Oswego
1946,Tabor College,
3328,West Chester University of Pennsylvania,
3806,Alderson Broaddus University,Alderson Broaddus Alderson Broaddus College
7993,California State University--Bakersfield,Cal State Bakersfield California State University Bakersfield
2464,Fontbonne University,
3869,Mount Mary University,
1880,Mount Mercy University,
1624,Northwest Nazarene University,
1963,Eastern Kentucky University,
3496,King University,
7228,University of Puerto Rico--Arecibo,University of Puerto Rico Arecibo
667008,American University of Puerto Rico--Bayamon,
3436,Limestone University,
1220,The Master's University and Seminary,Masters College and Seminary
957121,Purdue University Global,
2288,Rochester University,
1343,Woodbury University,
3012,Ashland University,
2397,Belhaven University,
1674,Eastern Illinois University,
1505,Lynn University,
1722,McKendree University,
1768,Saint Xavier University,St Xavier University Saint Xavier University
2318,Spring Arbor University,
3135,Walsh University,
29059,Concordia University -- Irvine,
3711,Ferrum College,
9089,Hannibal-LaGrange University,Hannibal LaGrange University
1814,Indiana University--Kokomo,IU Indiana University Kokomo Indiana University Kokomo
2737,Iona University,
2311,Kuyper College,
3783,Northwest University,
3692,Norwich University,
2534,Rocky Mountain College,
1397,University of New Haven,
8848,Warner University,
3209,Western Oregon University,
32553,Florida Gulf Coast University,
3419,Charleston Southern University,
1588,Piedmont University,
12123,University of Puerto Rico--Aguadilla,University of Puerto Rico Aguadilla
1482,Florida College,
1486,Florida Memorial University,
41429,Georgia Gwinnett College,
2760,Manhattanville College,
2638,Saint Peter's University,St Peter's College Saint Peter's College St Peters College Saint Peters College St. Peters College
2853,SUNY Maritime College,SUNY Maritime College
3391,Waynesburg University,
1141,California State University--Dominguez Hills,Cal State University Dominguez Hills California State University Dominguez Hills
3823,West Liberty University,
3775,Eastern Washington University,
9226,Francis Marion University,
3830,West Virginia Wesleyan College,
9401,Colorado Christian University,
1666,Concordia University Chicago,
3576,Houston Baptist University,
1879,Morningside University,
1520,Seminole State College of Florida,
3911,Viterbo University,
1372,Western Colorado University,
3684,Champlain College,
7022,CUNY--Lehman College,CUNY Lehman College CUNY Lehman College
5027,Inter American University of Puerto Rico--Barranquitas,Inter American University of Puerto Rico Barranquitas Inter American University of Puerto Rico Barranquitas
3282,King's College,Kings College
4799,Monroe College,
2065,Notre Dame of Maryland University,
2091,Salisbury University,
2844,SUNY--Fredonia,SUNY Fredonia SUNY Fredonia
2849,SUNY--Plattsburgh,SUNY Plattsburgh SUNY Plattsburgh
2023,University of Holy Cross,
2949,University of Mount Olive,
10975,University of Puerto Rico--Bayamon,University of Puerto Rico Bayamon University College
3944,University of Puerto Rico--Mayaguez,University of Puerto Rico Mayaguez
3826,West Virginia State University,
2540,College of Saint Mary,College of St Mary College of Saint Mary
3035,Ohio Dominican University,
1741,Olivet Nazarene University,
3149,Southern Nazarene University,
9651,Texas A&M International University,Texas A & M International University Texas A and M International University
9930,University of Texas Permian Basin,
3924,University of Wisconsin--Stevens Point,University of Wisconsin Stevens Point
3134,Ursuline College,
3536,Bryan College,
1965,Kentucky Christian University,
3518,Southern Adventist University,
2001,Thomas More University,
2954,University of North Carolina--Pembroke,UNC University of North Carolina Pembroke
1093,Central Baptist College,
5019,Universidad Adventista de las Antillas,
1540,Webber International University,
3825,West Virginia University Institute of Technology,
1215,La Sierra University,LaSierra University
3219,Southern Oregon University,
3678,Southern Utah University,
3832,Alverno College,
1089,Arkansas Tech University,
1839,Trine University,
1891,University of Dubuque,
1832,University of Saint Francis,University of St Francis University of Saint Francis
3915,University of Wisconsin--Stout,University of Wisconsin Stout
1005,Alabama State University,
8310,Auburn University at Montgomery,Auburn University Montgomery Auburn University Montgomery
3303,Carlow University,
2687,CUNY--Brooklyn College,CUNY Brooklyn College CUNY Brooklyn College
7279,Hawaii Pacific University,HPU
3765,Norfolk State University,
3441,North Greenville University,
2843,SUNY College--Cortland,SUNY Cortland SUNY College Cortland
3828,West Virginia University--Parkersburg,West Virginia University Parkersburg
1138,California State University--East Bay,Cal State University East Bay California State University East Bay
3586,Lubbock Christian University,
31703,Texas A&M University--Texarkana,Texas A & M University--Texarkana Texas A and M University--Texarkana Texas A&M University Texarkana
11462,University of Alaska--Anchorage,University of Alaska Anchorage
3152,University of Central Oklahoma,
3665,West Texas A&M University,West Texas A & M University West Texas A and M University
3986,DeSales University,
3267,Geneva College,
3288,Lebanon Valley College,
2841,SUNY Brockport,SUNY Brockport College at Brockport SUNY
2847,SUNY--Oneonta,SUNY Oneonta SUNY College Oneonta
2396,Alcorn State University,
1561,Columbus State University,
2266,Cornerstone University,
2403,Delta State University,
2282,Madonna University,
7085,Mount Vernon Nazarene University,
2501,Southeast Missouri State University,
2454,University of Central Missouri,
2928,Fayetteville State University,
1252,Hope International University,
1020,Jacksonville State University,
3592,Midwestern State University,
666974,Southeastern Baptist Theological Seminary,
3631,Tarleton State University,
3799,Walla Walla University,
3680,Weber State University,
2805,Roberts Wesleyan College,
3327,Slippery Rock University of Pennsylvania,
2825,"St. Joseph's University, New York",St Joseph's College New York Saint Joseph's College New York St Josephs College New York Saint Josephs College New York St. Josephs College New York
2850,SUNY College--Potsdam,SUNY Potsdam SUNY College Potsdam
2360,Minnesota State University--Mankato,Minnesota State University Mankato Minnesota State University Mankato
3033,Mount St. Joseph University,College of Mount St Joseph College of Mount Saint Joseph
3466,Northern State University,
667012,EDP University of Puerto Rico Inc--San Juan,
1591,Shorter University,
1468,St. Thomas University,St Thomas University Saint Thomas University
3831,Wheeling University,
2598,Caldwell University,
3463,Dakota State University,
1927,Emporia State University,
3072,Malone University,
2301,Northern Michigan University,
3357,Point Park University,
3181,Southwestern Oklahoma State University,
2107,Stevenson University,
666992,University of North Texas at Dallas,
3469,University of Sioux Falls,
3921,University of Wisconsin--Platteville,University of Wisconsin Platteville
1061,Alaska Pacific University,
3208,Bushnell University,
1183,Holy Names University,
1972,Lindsey Wilson College,
2021,Northwestern State University of Louisiana,
3422,Southern Wesleyan University,
3764,Virginia State University,
3243,Cedar Crest College,
1425,Eastern Connecticut State University,
2140,Elms College,
2189,Westfield State University,
3399,York College of Pennsylvania,
1365,Colorado State University--Pueblo,Colorado State University Pueblo Colorado State University Pueblo
2336,Bemidji State University,
1665,Columbia College Chicago,
2347,Concordia University--St. Paul,Concordia University St Paul Concordia University Saint Paul Concordia University St. Paul
2367,Minnesota State University--Moorhead,Minnesota State University Moorhead Minnesota State University Moorhead
2005,Nicholls State University,
1926,Pittsburg State University,
1291,Simpson University,
3446,South Carolina State University,
3527,Tusculum University,
12826,University of Houston--Downtown,University of Houston Downtown
1808,University of Southern Indiana,
2566,Wayne State College,
2122,Bay Path University,
2703,College of Mount St. Vincent,College of Mount St Vincent College of Mount Saint Vincent
1358,Colorado Mesa University,
3935,University of Guam,
2883,Utica College,
2625,William Paterson University of New Jersey,
3810,Concord University,
3812,Fairmont State University,
3541,Angelo State University,
3193,Eastern Oregon University,
3485,Cumberland University,
2024,Southeastern Louisiana University,
1107,Southern Arkansas University,
9636,Southern University and A&M College,
1024,University of West Alabama,
3404,Johnson & Wales University,
2778,Mount St. Mary College,Mount St Mary College Mount Saint Mary College
3326,Shippensburg University of Pennsylvania,
2249,Davenport University,
1918,Friends University,
1684,Greenville University,
1700,Judson University,
2377,St. Cloud State University,St Cloud State University Saint Cloud State University
3923,University of Wisconsin--River Falls,University of Wisconsin River Falls
1374,Albertus Magnus College,
3233,Alvernia University,
2183,Bridgewater State University,
1378,Central Connecticut State University,
2184,Fitchburg State University,
3325,Millersville University of Pennsylvania,
1959,Campbellsville University,
2017,McNeese State University,
1975,Midway University,
1521,Southeastern University,
2496,Northwest Missouri State University,
1943,University of Saint Mary,University of St Mary University of Saint Mary
9630,University of Wisconsin--Oshkosh,University of Wisconsin Oshkosh
2013,Louisiana State University--Shreveport,LSU Shreveport Louisiana State University Shreveport Louisiana State University Shreveport
2946,Methodist University,
2705,The College of Saint Rose,College of St Rose College of Saint Rose
3259,Eastern University,
2185,Framingham State University,
1406,Southern Connecticut State University,
2842,SUNY Buffalo State,Buffalo State College SUNY Buffalo Buffalo State College SUNY
2190,Worcester State University,
2994,Minot State University,
3899,University of Wisconsin--Green Bay,University of Wisconsin Green Bay
1800,Grace College and Seminary,
1812,Purdue University--Fort Wayne,Indiana University-Purdue University Fort Wayne Indiana University Purdue University Fort Wayne IU IPFW
1915,Fort Hays State University,
1805,Indiana Tech,Indiana Tech
3465,Mount Marty University,
2512,Stephens College,
2599,Centenary University,
2072,Frostburg State University,
2608,Georgian Court University,
3323,Lock Haven University of Pennsylvania,
2102,University of Baltimore,
1811,Indiana University East,
3861,Marian University (WI),
1939,Newman University,
666998,Purdue University--Northwest,
2314,Saginaw Valley State University,
9235,Clarion University of Pennsylvania,
2158,Lasell University,
2600,Saint Elizabeth University,College of St Elizabeth College of Saint Elizabeth
2832,St. Thomas Aquinas College,St Thomas Aquinas College Saint Thomas Aquinas College
1380,Western Connecticut State University,
7032,MidAmerica Nazarene University,Mid-America Nazarene University
2502,Southwest Baptist University,
3315,Bloomsburg University of Pennsylvania,
3245,Chestnut Hill College,
3270,Gwynedd Mercy University,Gwynedd Mercy College
3407,Rhode Island College,
3322,Kutztown University of Pennsylvania,
2591,Plymouth State University,
2188,Salem State University,
2143,Curry College,
3252,Delaware Valley University,
2622,Kean University,
2744,Keuka College,
3396,Wilson College,
1541,Abraham Baldwin Agricultural College,
7531,Academy of Art University,
1345,Adams State University,
1002,Alabama A&M University,Alabama A&M Alabama A & M
1544,Albany State University,
3229,Albright College,
3417,Allen University,
1158,Alliant International University,
2114,American International College,
11941,American University of Puerto Rico--Manati,American University Puerto Rico American University Puerto Rico
2238,Andrews University,
2117,Anna Maria College,
1087,Arkansas Baptist College,
1090,Arkansas State University,Arkansas State University Jonesboro Arkansas State University Jonesboro
1579,Augusta University,
1634,Aurora University,
39413,Ave Maria University,
2449,Avila University,
3147,Bacone College,
4673,Baker College,
1466,Barry University,
5022,Bayamon Central University,
3965,Bay State College,
2123,Becker College,
9743,Bellevue University,
3420,Benedict College,
1767,Benedictine University,
2911,Bennett College,
1904,Bethany College (KS),
3808,Bethany College (WV),
2337,Bethany Lutheran College,
3480,Bethel University (TN),
1467,Bethune-Cookman University,Bethune Cookman University
1639,Blackburn College,
3459,Black Hills State University,
2597,Bloomfield College,
3703,Bluefield College,
1616,Boise State University,
13029,Boricua College,
2062,Bowie State University,
1557,Brewton-Parker College,Brewton Parker College
3704,Bridgewater College,
3228,Bryn Athyn College of the New Church,
3241,Cabrini University,
3351,Cairn University,
3316,California University of Pennsylvania,
1834,Calumet College of St. Joseph,Calumet College of St Joseph Calumet College of Saint Joseph
21829,Cambridge College,
3150,Cameron University,
3837,Cardinal Stritch University,
12525,Caribbean University,
3481,Carson-Newman University,Carson Newman College
1908,Central Christian College of Kansas,
4890,Central Penn College,
3026,Central State University,
2539,Chadron State College,
3317,Cheyney University of Pennsylvania,
1694,Chicago State University,
2916,Chowan University,
1551,Clark Atlanta University,
8976,Clayton State University,
3032,Cleveland State University,CSU
3427,Coker University,
667011,Colegio Universitario de San Juan,
1558,College of Coastal Georgia,
666946,Colorado Mountain College,
10148,Colorado Technical University,
2456,Columbia College (MO),
2247,Concordia University Ann Arbor,
3557,Concordia University Texas,
2068,Coppin State University,
666944,Crowley's Ridge College,
2383,Crown College,
29040,CUNY--College of Staten Island,CUNY College of Staten Island CUNY College of Staten Island
10097,CUNY--Medgar Evers College,CUNY Medgar Evers College CUNY Medgar Evers College
2808,Daemen University,
3956,Dalton State College,
10727,DeVry University,DeVry University Chicago
2004,Dillard University,
2544,Doane University,
2713,Dominican University New York,
2712,D'Youville University,DYouville College
3154,East Central University,
2259,Eastern Michigan University,EMU
2145,Eastern Nazarene College,
2651,Eastern New Mexico University,
3320,East Stroudsburg University,
21686,East-West University,East West University
25354,ECPI University,
3321,Edinboro University of Pennsylvania,
1478,Edward Waters College,
2147,Emmanuel College (MA),
2463,Evangel University,
31085,Everglades University,
1003,Faulkner University,
2610,Felician University,
2260,Ferris State University,
2322,Finlandia University,
2150,Fisher College,
1353,Fort Lewis College,
1566,Fort Valley State University,
2575,Franklin Pierce University,
1964,Georgetown College,
1572,Georgia Southern University,
1573,Georgia Southwestern State University,
1575,Gordon State College,
9145,Governors State University,
1866,Graceland University,
2006,Grambling State University,
1074,Grand Canyon University,
31013,Granite State College,
6977,Great Basin College,
2931,Guilford College,
39483,Harrisburg University of Science and Technology,
2466,Harris-Stowe State University,Harris Stowe State University
1098,Henderson State University,
3777,Heritage University,
9621,Herzing University,
2735,Hilbert College,
30375,Hodges University,
3850,Holy Family College,
3275,Holy Family University,
2043,Husson University,
1620,Idaho State University,
9563,Indiana State University,
1815,Indiana University Northwest,
3277,Indiana University of Pennsylvania,
1816,Indiana University--South Bend,IU South Bend Indiana University South Bend Indiana University South Bend
1817,Indiana University Southeast,
3939,Inter American University of Puerto Rico--Aguadilla,Inter American University of Puerto Rico Aguadilla Inter American University of Puerto Rico Aguadilla
5026,Inter American University of Puerto Rico--Arecibo,Inter American University of Puerto Rico Arecibo Inter American University of Puerto Rico Arecibo
5028,Inter American University of Puerto Rico--Bayamon,Inter American University of Puerto Rico Bayamon Inter American University of Puerto Rico Bayamon
22828,Inter American University of Puerto Rico--Fajardo,Inter American University of Puerto Rico Fajardo Inter American University of Puerto Rico Fajardo
22827,Inter American University of Puerto Rico--Guayama,Inter American University of Puerto Rico Guayama Inter American University of Puerto Rico Guayama
3940,Inter American University of Puerto Rico--Metropolitan Campus,Inter American University of Puerto Rico Metropolitan Campus Inter American University of Puerto Rico Metropolitan Campus
5029,Inter American University of Puerto Rico--Ponce,Inter American University of Puerto Rico Ponce Inter American University of Puerto Rico Ponce
1871,Iowa Wesleyan University,
2410,Jackson State University,
3637,Jarvis Christian College,
2936,Johnson C. Smith University,Johnson C Smith University
1023,Judson College,
21519,Keiser University,
1577,Kennesaw State University,
666134,The King's College,Kings College
3066,Lake Erie College,
3854,Lakeland University,
3581,Lamar University,
3285,Lancaster Bible College,
3499,Lane College,
3157,Langston University,
3987,La Roche University,
3501,LeMoyne-Owen College,LeMoyne Owen College
10392,Liberty University,
1709,Lincoln College,
2479,Lincoln University (MO),
3290,Lincoln University (PA),
2480,Lindenwood University,
2942,Livingstone College,
2007,Louisiana Christian University,
2011,Louisiana State University--Alexandria,LSU Alexandria Louisiana State University Alexandria Louisiana State University Alexandria
3069,Lourdes University,
1088,Lyon College,
11113,Maharishi International University,
3324,Mansfield University of Pennsylvania,
3690,Marlboro College,
21408,Martin University,
3723,Mary Baldwin University,
666945,Marymount California University,
2769,Marymount Manhattan College,
2993,Mayville State University,
2777,Medaille College,
2772,Mercy College,
190114,Metropolitan College of New York,
10374,Metropolitan State University,
1360,Metropolitan State University of Denver,
6942,Mid-America Christian University,Mid America Christian University
2553,Midland University,
1028,Miles College,
2415,Mississippi College,
2424,Mississippi Valley State University,
7540,Missouri Baptist University,
2488,Missouri Southern State University,
2503,Missouri State University,
2489,Missouri Valley College,
2490,Missouri Western State University,
1393,Mitchell College,
2530,Montana State University--Billings,MSU Billings Montana State University Billings
2533,Montana State University--Northern,MSU Northern Montana State University Northern
2948,Montreat College,
2083,Morgan State University,
3439,Morris College,
21175,Naropa University,
1733,National Louis University,National Louis University
11460,National University,
3988,Neumann University,
41143,Nevada State College,
2579,New England College,
2613,New Jersey City University,
2653,New Mexico Highlands University,
1693,Northeastern Illinois University,
3161,Northeastern State University,
1737,Northern Illinois University,
9275,Northern Kentucky University,
667045,Northern Marianas College,
3688,Northern Vermont University,
3163,Northwestern Oklahoma State University,
3085,Notre Dame College of Ohio,
2790,Nyack College,
2307,Oakland University,
3030,Ohio Christian University,
3819,Ohio Valley University,
3151,Oklahoma Wesleyan University,
3598,Our Lady of the Lake University,
1587,Paine College,
8849,Palm Beach Atlantic University,
2498,Park University,
667046,Paul Quinn College,
2559,Peru State College,
2955,Pfeiffer University,
1547,Point University,Atlanta Christian College
667004,Pontifical Catholic University of Puerto Rico--Arecibo,
3936,Pontifical Catholic University of Puerto Rico--Ponce,
1401,Post University,
3630,Prairie View A&M University,Prairie View A & M University Prairie View A and M University
29022,Prescott College,
41539,Providence Christian College,
12500,Ranken Technical College,
1589,Reinhardt University,
2586,Rivier University,
1748,Rockford University,
1749,Roosevelt University,
3360,Rosemont College,
2433,Rust College,
2968,Saint Augustine's University,St Augustine's College Saint Augustine's College St Augustines College Saint Augustines College St. Augustines College
3820,Salem University,
1590,Savannah State University,
12748,Shawnee State University,
2962,Shaw University,
3822,Shepherd University,
2316,Siena Heights University,
9192,Sierra Nevada University,
3179,Southeastern Oklahoma State University,
1759,Southern Illinois University Edwardsville,Southern Illinois University Edwardsville Southern Illinois University Edwardsville
2580,Southern New Hampshire University,
2026,Southern University at New Orleans,Southern University New Orleans Southern University New Orleans
666980,Southern Virginia University,
31034,South Texas College,
3616,Southwestern Assemblies of God University,
1940,Southwestern College,
2375,Southwest Minnesota State University,
1960,Spalding University,
1041,Spring Hill College,
3624,Stephen F. Austin State University,
21435,Sterling College (VT),
1044,Stillman College,
2051,St. Joseph's College (ME),St Joseph's College Saint Joseph's College St Josephs College Saint Josephs College St. Josephs College
3625,Sul Ross State University,
7109,SUNY College--Old Westbury,SUNY Old Westbury SUNY College Old Westbury
10286,SUNY Empire State College,SUNY Empire State College
1046,Talladega College,
3522,Tennessee State University,
3565,Texas A&M University--Commerce,Texas A & M University--Commerce Texas A and M University--Commerce Texas A&M University Commerce
11161,Texas A&M University--Corpus Christi,Texas A & M University--Corpus Christi Texas A and M University--Corpus Christi Texas A&M University Corpus Christi
3639,Texas A&M University--Kingsville,Texas A & M University--Kingsville Texas A and M University--Kingsville Texas A&M University Kingsville
3638,Texas College,
3642,Texas Southern University,
3615,Texas State University,Texas State University San Marcos
3645,Texas Wesleyan University,
3646,Texas Woman's University,Texas Womans University
2052,Thomas College,
30431,Thomas More College of Liberal Arts,
1555,Thomas University,
3121,Tiffin University,
2439,Tougaloo College,
3526,Trevecca Nazarene University,
1772,Trinity International University,
1460,Trinity Washington University,
1988,Union College (KY),
10923,Union Institute and University,
3941,Universidad Ana G. Mendez--Carolina Campus,
25875,Universidad Ana G. Mendez--Cupey Campus,
11719,Universidad Ana G. Mendez--Gurabo Campus,
3937,Universidad del Sagrado Corazon,
3123,The University of Akron,
1063,University of Alaska--Fairbanks,University of Alaska Fairbanks
1065,University of Alaska--Southeast,University of Alaska Southeast
666993,University of Antelope Valley,
1101,University of Arkansas at Little Rock,University of Arkansas Little Rock
1085,University of Arkansas--Monticello,University of Arkansas Monticello
1416,University of Bridgeport,
1092,University of Central Arkansas,
3818,University of Charleston,
4509,University of Colorado Colorado Springs,UCCS University of Colorado Colorado Springs
13231,University of Houston--Victoria,University of Houston Victoria
2031,University of Louisiana at Lafayette,University of Louisiana Lafayette
2020,University of Louisiana at Monroe,University of Louisiana Monroe
6760,University of Maine--Augusta,UMaine--Augusta University of Maine Augusta
2055,University of Maine--Machias,UMaine--Machias University of Maine Machias
2992,University of Mary,
2106,University of Maryland Eastern Shore,University of Maryland Eastern Shore
11644,University of Maryland Global Campus,UMUC University of Maryland University College
2327,University of Michigan--Flint,UM University of Michigan Flint
2015,University of New Orleans,
1349,University of Northern Colorado,
4861,University of Northwestern Ohio,
209885,University of Phoenix,
1980,University of Pikeville,Pikeville College
3381,University of Pittsburgh--Greensburg,
7206,University of Puerto Rico--Cayey,University of Puerto Rico Cayey University College
667020,University of Puerto Rico--Utuado,
3116,University of Rio Grande,
3167,University of Science and Arts of Oklahoma,
1057,University of South Alabama,
3450,University of South Carolina Beaufort,University of South Carolina Beaufort
9762,University of Southern Maine,USM
2441,University of Southern Mississippi,
3529,University of Tennessee at Chattanooga,University of Tennessee Chattanooga
3661,University of Texas at El Paso,UTEP University of Texas El Paso
666978,University of Texas at Rio Grande Valley,
10115,University of Texas at San Antonio,University of Texas San Antonio
11163,University of Texas at Tyler,University of Texas Tyler
1962,University of the Cumberlands,
29100,University of the District of Columbia,UDC
2650,University of the Southwest,
36963,University of the West,
3131,University of Toledo,
1601,University of West Georgia,
3896,University of Wisconsin--Milwaukee,University of Wisconsin Milwaukee
5015,University of Wisconsin--Parkside,University of Wisconsin Parkside
3925,University of Wisconsin--Superior,University of Wisconsin Superior
1893,Upper Iowa University,
3671,Utah Tech University,
4027,Utah Valley University,
1599,Valdosta State University,
666972,Villa Maria College,
1843,Vincennes University,
3766,Virginia Union University,
3767,Virginia Wesleyan University,
1895,Waldorf University,
2979,Warren Wilson College,
1949,Washburn University,
2067,Washington Adventist University,
3663,Wayland Baptist University,
1433,Wesley College,
2002,Western Kentucky University,
2664,Western New Mexico University,
1950,Wichita State University,
3141,Wilberforce University,
2447,William Carey University,
1900,William Penn University,
1106,Williams Baptist University,
2525,William Woods University,
7948,Wilmington University,
2985,Wingate University,
9168,Wright State University,
666965,Young Harris College,
3145,Youngstown State University,YSU
CA0001,Acadia University,
31155,AdventHealth University,
2885,Albany College of Pharmacy and Health Sciences,
10724,Albizu University,
667083,Albizu University--Miami,
30691,Allen College,
667068,Alpena Community College,
142887,American Academy of Art,
GR0002,American College of Thessaloniki,
667027,American Samoa Community College,
BG0001,American University in Bulgaria,The American University Bulgaria
EG0001,American University in Cairo,The American University Cairo
LB0001,American University of Beirut,
667080,American University of Health Sciences,
FR0001,American University of Paris,American University Paris American University Paris
652473,AmeriTech College-Draper,
667009,Andrew College,
667028,Antelope Valley College,
8795,Antioch College,
7544,Appalachian Bible College,
759284,Arizona College of Nursing--Las Vegas,
3011,Art Academy of Cincinnati,
1116,ArtCenter College of Design,
9270,Art Institute of Atlanta,
21171,Art Institute of Houston,
891422,Aspen University,
666963,Atlanta Metropolitan State College,
667081,Aultman College of Nursing and Health Sciences,
2121,Babson College,
667029,Bakersfield College,
13208,Baptist Bible College,
21596,Baptist College of Florida,
34403,Baptist Memorial College of Health Sciences,
23312,Baptist Missionary Association Theological Seminary,
667123,Barclay College,
9645,Bard College at Simon's Rock,Bard College at Simons Rock
3769,Bellevue College,
6639,Bellin College,
667030,Bellingham Technical College,
2151,Benjamin Franklin Institute of Technology,
7394,Berkeley College (NY),
2126,Berklee College of Music,
NL0001,BI Norwegian Business School,
2988,Bismarck State College,
6214,Blessing-Rieman College of Nursing and Health Sciences,Blessing Rieman College of Nursing
635850,Bon Secours Memorial College of Nursing,
3966,Boston Architectural College,
7287,Brazosport College,
CA0002,Brock University,
508128,Brookline College-Phoenix,
666949,Broward College,
667082,Bryan College of Health Sciences,
6477,Cabarrus College of Health Sciences,
1127,California College of the Arts,CCA
1132,California Institute of the Arts,
2450,Calvary University,
1436,Capitol Technology University,
CA0003,Carleton University,
667031,Cascadia College,
667084,CEM College--San Juan,
666981,Centralia College,
6385,Chamberlain University,
10365,Charles R. Drew University of Medicine and Science,
667085,Chicago School of Professional Psychology at Los Angeles,
1472,Chipola College,
667086,Christ College of Nursing and Health Sciences,
13022,City University of Seattle,
667032,Clark College,
9862,Clarkson College,
2670,Clarks Summit University,
25356,Clear Creek Baptist Bible College,
2246,Cleary University,
3982,Cleveland Institute of Art,
3031,Cleveland Institute of Music,
20907,Cleveland University--Kansas City,
667033,Clover Park Technical College,
6771,College for Creative Studies,
667124,College of Biblical Studies--Houston,
666950,College of Central Florida,
667133,College of Menominee Nation,
10362,College of Southern Nevada,
666982,Columbia Basin College,
667087,Columbia Central University--Caguas,
667075,Columbia College Hollywood,
2707,Columbia University,
3039,Columbus College of Art and Design,
667034,Community College of Denver,
2467,Conception Seminary College,
2709,Concordia College--New York,
CA0004,Concordia University (QC),
12315,Cornish College of the Arts,
20682,Cox College,
29351,Criswell College,
7304,Culinary Institute of America,CIA
3251,Curtis Institute of Music,
667035,Cypress College,
CA0005,Dalhousie University,
21691,Davis College,
1475,Daytona State College,
667023,Delaware Technical Community College--Terry,
667088,Denver College of Nursing,
GR0001,DEREE--The American College of Greece,DEREE The American College of Greece
667076,Design Institute of San Diego,
125971,DigiPen Institute of Technology,
667134,Dine College,
1858,Divine Word College,
1914,Donnelly College,
4641,Dunwoody College of Technology,
666948,Eastern Florida State College,
749831,Eastern International College--Jersey City,
666964,East Georgia State College,
667036,Edmonds Community College,
23289,Emmaus Bible College,
25694,Escuela de Artes Plasticas de Puerto Rico,
7121,Faith Baptist Bible College and Theological Seminary,
11112,Fashion Institute of Design & Merchandising,
2866,Fashion Institute of Technology,FIT
667037,Feather River Community College District,
313779,Florida A&M University -- Florida State University College of Engineering,
666952,Florida Gateway College,
667013,Florida Keys Community College,
1477,Florida SouthWestern State College,
1484,Florida State College--Jacksonville,Florida State College Jacksonville
667038,Foothill College,
31062,Franciscan Missionaries of Our Lady University,
3046,Franklin University,
CH0001,Franklin University Switzerland,
39463,Franklin W. Olin College of Engineering,
667089,Galen College of Nursing--Louisville,
667000,Georgia Highlands College,
667014,Georgia Military College,
3686,Goddard College,
22205,God's Bible School and College,Gods Bible School and College
1429,Goldey-Beacom College,
6389,Goldfarb School of Nursing at Barnes-Jewish College,Goldfarb School of Nursing at Barnes Jewish College
667090,Good Samaritan College of Nursing and Health Science,
667091,Goodwin College,
2265,Grace Christian University,
667039,Grays Harbor College,
2269,Great Lakes Christian College,
667040,Green River College,
666951,Gulf Coast State College,
10438,Haskell Indian Nations University,
1685,Hebrew Theological College,
2154,Hellenic College,
667069,Henry Ford College,
415197,Herzing University-Atlanta,
268500,Herzing University-Brookfield,
716803,Herzing University-Kenosha,
643831,Herzing University--Orlando,
667070,Hesston College,
667041,Highline College,
1389,Holy Apostles College and Seminary,
667093,Huertas College,
GB0001,Hult International Business School,
803372,Ilisagvik College,
1493,Indian River State College,
21464,Institute of American Indian Arts,
KY0001,International College of the Cayman Islands,
666968,Jackson College,
666971,Jamestown Business College,
2740,Jewish Theological Seminary of America,
21567,Johnson University (FL),
3495,Johnson University (TN),
2742,Juilliard School,
2473,Kansas City Art Institute,
667095,Kent State University at East Liverpool,
7035,Kettering College,
667096,Laboure College,
667024,Lackawanna College,
23305,Laguna College of Art and Design,Laguna College of Art & Design
667071,Lake Michigan College,
666953,Lake-Sumter State College,
10501,Lakeview College of Nursing,
666983,Lake Washington Institute of Technology,
666986,Landmark College,
LB0002,Lebanese American University,
20748,Life University,
7466,LIM College,
1708,Lincoln Christian University,
6975,Lincoln University (CA),
667097,Logan University,
1218,Loma Linda University,
2014,Louisiana State University Health Sciences Center,LSU
11673,Maine College of Art,
1931,Manhattan Christian College,
2759,Manhattan School of Music,
2763,Maria College of Albany,
2361,Martin Luther College,
2080,Maryland Institute College of Art,
2180,Massachusetts College of Art and Design,Mass Art
CA0006,McGill University,
2165,MCPHS University,MCPHS
3438,Medical University of South Carolina,
CA0007,Memorial University of Newfoundland,
1236,Menlo College,
6273,Mercy College of Health Sciences,
30970,Mercy College of Ohio,
667098,Methodist College,
667099,MGH Institute of Health Professions,
1506,Miami Dade College,Miami Dade College
8878,Miami International University of Art & Design,
162743,Miami University--Hamilton,
22809,Mid-Atlantic Christian University,Mid Atlantic Christian University
9797,Midland College,
667127,Midwestern Baptist Theological Seminary,
29113,Milwaukee Institute of Art and Design,MIAD
2365,Minneapolis College of Art and Design,
667042,MiraCosta College,
667043,Modesto Junior College,
MX0009,Monterrey Institute of Technology and Higher Education--Monterrey,Monterrey Institute of Technology and Higher Education Monterrey Monterrey Institute of Technology and Higher Education Monterrey
20630,Montserrat College of Art,
1727,Moody Bible Institute,
3300,Moore College of Art & Design,
3203,Mount Angel Seminary,
30719,Mount Carmel College of Nursing,
3206,Multnomah University,
667100,National University College,
667135,Navajo Technical University,
13007,Nazarene Bible College,
6404,Nebraska Methodist College,
2194,New England Conservatory of Music,
7845,New England Institute of Technology,New England Tech
30439,NewSchool of Architecture and Design,
667078,New York School of Interior Design,
2197,Nichols College,
667017,North Florida Community College,
3875,Northland College,
666984,North Seattle College,
12328,Northwestern Health Sciences University,
666969,Northwestern Michigan College,
1510,Northwest Florida State College,
667136,Northwest Indian College,
8759,Northwood University,
CA0008,Nova Scotia College of Art and Design,
667137,Nueta Hidatsa Sahnish College,
6250,Oak Point University,
14659,Oglala Lakota College,
9647,Oklahoma State University--Oklahoma City,Oklahoma State University Oklahoma City
3784,Olympic College,
4882,Oregon Health and Science University,OHSU
1251,Otis College of Art and Design,
22027,Ozark Christian College,
667103,Pacific College,
3207,Pacific Northwest College of Art,
1255,Pacific Oaks College,
666955,Palm Beach State College,
23053,Parker University,
667018,Pasco-Hernando State College,
3309,Peirce College,
3786,Peninsula College,
666976,Pennsylvania Academy of the Fine Arts,
215053,Pennsylvania College of Art & Design,
667106,Pennsylvania College of Health Sciences,
3333,Pennsylvania State University -- Behrend,Penn State
6814,Pennsylvania State University--Harrisburg,Penn State
338379,Pennsylvania State University--Wilkes-Barre,
666956,Pensacola State College,
681418,Phillips School of Nursing at Mount Sinai Beth Israel,
667128,Pillar College,
667026,Pittsburgh Technical College,
30149,Platt College,
12358,Plaza College,
666957,Polk State College,
3113,Pontifical College Josephinum,
2798,Pratt Institute,
3467,Presentation College,
667048,Pueblo Community College,
10819,Puerto Rico Conservatory of Music,
667049,Red Rocks Community College,
GB0002,Regent's American College London,Regents American College London
2206,Regis College,
667050,Renton Technical College,
6392,Research College of Nursing,
3409,Rhode Island School of Design,RISD
GB0003,Richmond--The American International University in London,Richmond The American International University in London
12574,Ringling College of Art and Design,
667051,Rio Hondo College,
7649,Rocky Mountain College of Art and Design,
1830,Rose-Hulman Institute of Technology,Rose Hulman Institute of Technology
667107,Roseman University of Health Sciences,
CA0009,Ryerson University,
2313,Sacred Heart Major Seminary,
9987,Saint Anthony College of Nursing,St Anthony College of Nursing Saint Anthony College of Nursing
666959,Saint Johns River State College,
21434,Salish Kootenai College,
7012,Samuel Merritt University,
667052,San Diego Mesa College,
1278,San Francisco Conservatory of Music,
667053,San Joaquin Valley College--Visalia,
667119,San Juan Bautista School of Medicine,
667054,Santa Ana College,
666958,Santa Fe College,
667055,Santa Monica College,
29258,Savannah College of Art and Design,SCAD
667072,Schoolcraft College,
1753,School of the Art Institute of Chicago,SAIC
7468,School of Visual Arts,
666985,Seattle Central College,
528883,Sentara College of Health Sciences,
667056,Shasta College,
CA0010,Simon Fraser University,
21437,Sinte Gleska University,
21882,Sitting Bull College,
667057,Skagit Valley College,
667058,Skyline College,
667059,Solano Community College,
4938,South College,
3470,South Dakota School of Mines and Technology,
667110,Southeast Missouri Hospital College of Nursing and Health Sciences,
1982,Southern Baptist Theological Seminary,
20758,Southern California Institute of Architecture,
667111,Southern California University of Health Sciences,
666960,South Florida State College,
666991,South Georgia State College,
9706,South Seattle College,Seattle Community College South Campus
13039,South University,
667109,South University-Tampa,
3618,Southwestern Christian College,
104188,Southwest University of Visual Arts,The Art Center Design College Tucson
667060,Spokane Community College,
667061,Spokane Falls Community College,
666954,State College of Florida--Manatee-Sarasota,
3364,St. Charles Borromeo Seminary,St Charles Borromeo Seminary Saint Charles Borromeo Seminary
6240,St. Francis Medical Center College of Nursing,St Francis Medical Center College of Nursing Saint Francis Medical Center College of Nursing
30980,St. John's College (IL),St John's College Saint John's College St Johns College Saint Johns College St. Johns College
8075,St. John Vianney College Seminary,St John Vianney College Seminary Saint John Vianney College Seminary
2027,St. Joseph Seminary College,St Joseph Seminary College Saint Joseph Seminary College
667112,St Luke's College,
983244,Stone Child College,
1528,St. Petersburg College,St Petersburg College Saint Petersburg College
108554,Stratford University,
1459,Strayer University,
4619,Sullivan University,
727952,SUM Bible College and Theological Seminary,
2839,SUNY Downstate Medical Center,SUNY Downstate Medical Center
2859,SUNY Morrisville,
667062,Tacoma Community College,
667019,Tallahassee Community College,
845912,Texas A&M University--San Antonio,
122541,Texas Tech University Health Sciences Center-El Paso,
10674,Texas Tech University Health Sciences Center-Lubbock,
11648,Thomas Edison State University,
DE0001,Tilburg University,
283208,Touro University Nevada,
CA0012,Trent University,
667130,Trinity Bible College and Graduate School,
66606,Trinity College of Nursing & Health Sciences,
CA0013,Trinity Western University,
666999,Trocair College,
667138,Turtle Mountain Community College,
667063,Tyler Junior College,
262086,UMass Global,
KE0001,United States International University--Kenya,United States International University Africa
666996,United States University,
667139,United Tribes Technical College,
667120,Universidad Central Del Caribe,
21000,Universidad Politecnica de Puerto Rico,
25590,University of Advancing Technology,
CA0014,University of Alberta,
1109,University of Arkansas for Medical Sciences,
CA0015,University of British Columbia,UBC
CA0016,University of Calgary,
4868,University of Cincinnati--UC Blue Ash College,University of Cincinnati Raymond Walters College
CA0017,University of Guelph,
1615,University of Hawaii--Maui College,University of Hawaii Maui
2504,University of Health Sciences & Pharmacy in St. Louis,St Louis College of Pharmacy Saint Louis College of Pharmacy
11711,University of Houston--Clear Lake,University of Houston Clear Lake
2104,University of Maryland--Baltimore,University of Maryland Baltimore
6895,University of Nebraska Medical Center,
CA0018,University of New Brunswick,
3981,University of North Carolina School of the Arts,
5889,University of Oklahoma Health Sciences Center,
CA0019,University of Ottawa,
CA0020,University of Prince Edward Island,
CA0021,University of Regina,
363401,University of Saint Katherine,
CA0022,University of Saskatchewan,
6725,University of Tennessee Health Sciences Center,
4951,University of Texas Health Science Center--Houston,University of Texas Health Science Center Houston
3659,University of Texas Health Science Center--San Antonio,University of Texas Health Science Center San Antonio
4952,University of Texas Medical Branch--Galveston,University of Texas Medical Branch Galveston
3350,University of the Arts,UArts
32183,University of the Potomac,
3353,University of the Sciences,
CA0023,University of Toronto,
CA0024,University of Victoria,
CA0025,University of Waterloo,
CA0027,University of Windsor,
CA0011,University of Winnipeg,
666961,Valencia College,
1778,VanderCook College of Music,
666977,Wade College,
4071,Walsh College,
247848,Washington State University--Tri-Cities,
667145,Washington State University -- Vancouver,
392840,"Watkins College of Art, Design & Film",Watkins College of Art Design & Film
2900,Webb Institute,
667064,Wenatchee Valley College,
510130,Westcliff University,
8716,West Coast University,
1780,Western Illinois University,
10363,Western Nevada College,
CA0026,Western University,
667065,West Los Angeles College,
667066,Whatcom Community College,
3803,Whitman College,
667067,Yakima Valley College,
CA0028,York University,
